old_url,source_files,new_path
https://assets01.sdd1.ch/assets/lbwp-cdn/nzz-mediengruppe-v2/files/1715781184/nzzde_front_gerollt_21.png,index.html,assets/home/home-index-nzzde-front-gerollt-21.png
https://cdn.prod.website-files.com/65c5074d380afa8c0d0482af/65dc782cb4e5798707ac738e_LAS Digital Posters Final Animation-transcode.mp4,"index.html,las-art-foundation-brand-identity-motion.html",assets/las-art-foundation/las-art-foundation-branding-motion-las-digital-posters-final-animation-transcode.mp4
https://cdn.prod.website-files.com/65c5074d380afa8c0d0482af/65dc81a50e944753f1fff043_LAS-Work_13.2.webp,las-art-foundation-brand-identity-motion.html,assets/las-art-foundation/las-art-foundation-branding-motion-las-work-13-2.webp
https://cdn.prod.website-files.com/65c5074d380afa8c0d0482af/65dc81a5133b9ae1c64fbc1a_LAS-Work_03.webp,las-art-foundation-brand-identity-motion.html,assets/las-art-foundation/las-art-foundation-branding-motion-las-work-03.webp
https://cdn.prod.website-files.com/65c5074d380afa8c0d0482af/65dc81a53a7fc326226f2ebc_LAS-Work_21.1.webp,las-art-foundation-brand-identity-motion.html,assets/las-art-foundation/las-art-foundation-branding-motion-las-work-21-1.webp
https://cdn.prod.website-files.com/65c5074d380afa8c0d0482af/65dc81a5465a1cb32a31507b_LAS-Work_12.webp,las-art-foundation-brand-identity-motion.html,assets/las-art-foundation/las-art-foundation-branding-motion-las-work-12.webp
https://cdn.prod.website-files.com/65c5074d380afa8c0d0482af/65dc81a58cbd1f777ef3a2e2_LAS-Work_23.2.gif,las-art-foundation-brand-identity-motion.html,assets/las-art-foundation/las-art-foundation-branding-motion-las-work-23-2.gif
https://cdn.prod.website-files.com/65c5074d380afa8c0d0482af/65dc81a5bf3d5174d3faa9ea_LAS-Work_22.webp,las-art-foundation-brand-identity-motion.html,assets/las-art-foundation/las-art-foundation-branding-motion-las-work-22.webp
https://cdn.prod.website-files.com/65c5074d380afa8c0d0482af/65dc81a5f0ae3013e9b8b5a9_LAS-Work_16.webp,las-art-foundation-brand-identity-motion.html,assets/las-art-foundation/las-art-foundation-branding-motion-las-work-16.webp
https://cdn.prod.website-files.com/65c5074d380afa8c0d0482af/65dc81a5fc8cca119bb6fa0d_LAS-Work_10.webp,las-art-foundation-brand-identity-motion.html,assets/las-art-foundation/las-art-foundation-branding-motion-las-work-10.webp
https://cdn.prod.website-files.com/65c5074d380afa8c0d0482af/65dc81a5fd08b62670b22eb4_LAS-Work_18.2.webp,las-art-foundation-brand-identity-motion.html,assets/las-art-foundation/las-art-foundation-branding-motion-las-work-18-2.webp
https://cdn.prod.website-files.com/65c5074d380afa8c0d0482af/65dc81a66d547675aca2eaa1_LAS-Work_14.webp,las-art-foundation-brand-identity-motion.html,assets/las-art-foundation/las-art-foundation-branding-motion-las-work-14.webp
https://cdn.prod.website-files.com/65c5074d380afa8c0d0482af/65dc81a6f0ae3013e9b8b622_LAS-Work_15.webp,las-art-foundation-brand-identity-motion.html,assets/las-art-foundation/las-art-foundation-branding-motion-las-work-15.webp
https://cdn.prod.website-files.com/65c5074d380afa8c0d0482af/65dc81a6fd08b62670b22f5a_LAS-Work_23.1.webp,las-art-foundation-brand-identity-motion.html,assets/las-art-foundation/las-art-foundation-branding-motion-las-work-23-1.webp
https://cdn.prod.website-files.com/65c5074d380afa8c0d0482af/65dc85e3b0f1591eccfaeb99_LAS-Work_04-transcode.mp4,las-art-foundation-brand-identity-motion.html,assets/las-art-foundation/las-art-foundation-branding-motion-las-work-04-transcode.mp4
https://cdn.prod.website-files.com/65c5074d380afa8c0d0482af/65dc85fcd801beb4731183f3_LAS-Work_05-transcode.mp4,las-art-foundation-brand-identity-motion.html,assets/las-art-foundation/las-art-foundation-branding-motion-las-work-05-transcode.mp4
https://cdn.prod.website-files.com/65c5074d380afa8c0d0482af/65dc86577ab97379a94b245e_LAS-Work_061-transcode.mp4,las-art-foundation-brand-identity-motion.html,assets/las-art-foundation/las-art-foundation-branding-motion-las-work-061-transcode.mp4
https://cdn.prod.website-files.com/65c5074d380afa8c0d0482af/65dc86f3eec7359a38192ace_LAS-Work_08-transcode.mp4,las-art-foundation-brand-identity-motion.html,assets/las-art-foundation/las-art-foundation-branding-motion-las-work-08-transcode.mp4
https://cdn.prod.website-files.com/65c5074d380afa8c0d0482af/65dc9673458860a6c79fb9f2_LAS-Work_06.2.webp,las-art-foundation-brand-identity-motion.html,assets/las-art-foundation/las-art-foundation-branding-motion-las-work-06-2.webp
https://cdn.prod.website-files.com/65c5074d380afa8c0d0482af/65dc96b007808fa84a6da66a_LAS-Work_131-transcode.mp4,las-art-foundation-brand-identity-motion.html,assets/las-art-foundation/las-art-foundation-branding-motion-las-work-131-transcode.mp4
https://cdn.prod.website-files.com/65c5074d380afa8c0d0482af/65dc96d1f70b22b194eb4a05_LAS-Work_07-transcode.mp4,las-art-foundation-brand-identity-motion.html,assets/las-art-foundation/las-art-foundation-branding-motion-las-work-07-transcode.mp4
https://cdn.prod.website-files.com/65c5074d380afa8c0d0482af/65dc9709e4e95c7b969ca230_LAS-Work_09-transcode.mp4,las-art-foundation-brand-identity-motion.html,assets/las-art-foundation/las-art-foundation-branding-motion-las-work-09-transcode.mp4
https://cdn.prod.website-files.com/65c5074d380afa8c0d0482af/65dc9728d98be0410597684d_LAS-Work_11-transcode.mp4,las-art-foundation-brand-identity-motion.html,assets/las-art-foundation/las-art-foundation-branding-motion-las-work-11-transcode.mp4
https://cdn.prod.website-files.com/65c5074d380afa8c0d0482af/65dc97df43576710ea52b7a0_LAS-Work_17-transcode.mp4,las-art-foundation-brand-identity-motion.html,assets/las-art-foundation/las-art-foundation-branding-motion-las-work-17-transcode.mp4
https://cdn.prod.website-files.com/65c5074d380afa8c0d0482af/65dc98032413db6fe08f9b92_LAS-Work_181-transcode.mp4,las-art-foundation-brand-identity-motion.html,assets/las-art-foundation/las-art-foundation-branding-motion-las-work-181-transcode.mp4
https://cdn.prod.website-files.com/65c5074d380afa8c0d0482af/65dc9d5f2108eef840886149_LAS-Work_20-transcode.mp4,las-art-foundation-brand-identity-motion.html,assets/las-art-foundation/las-art-foundation-branding-motion-las-work-20-transcode.mp4
https://cdn.prod.website-files.com/65c5074d380afa8c0d0482af/65dc9d7755952d49425be799_LAS-Work_212-transcode.mp4,las-art-foundation-brand-identity-motion.html,assets/las-art-foundation/las-art-foundation-branding-motion-las-work-212-transcode.mp4
https://cdn.prod.website-files.com/65c5074d380afa8c0d0482af/65dc9f144dd3a6001db40940_LAS-Brand-Guidelines-Case-Study_00000.gif,las-art-foundation-brand-identity-motion.html,assets/las-art-foundation/las-art-foundation-branding-motion-las-brand-guidelines-case-study-00000.gif
https://cdn.prod.website-files.com/65c5074d380afa8c0d0482af/65e1c4f58335449644167848_FF,friends-of-friends-brand-identity-web.html,assets/friends-of-friends/friends-of-friends-publication-brand-ff.mp4
https://cdn.prod.website-files.com/65c5074d380afa8c0d0482af/65e1c4fe4810cff67cb59523_FF-Work_01-transcode.mp4,friends-of-friends-brand-identity-web.html,assets/friends-of-friends/friends-of-friends-publication-brand-ff-work-01-transcode.mp4
https://cdn.prod.website-files.com/65c5074d380afa8c0d0482af/65e1c5121620909542b5bc81_FF-Work_05.webp,friends-of-friends-brand-identity-web.html,assets/friends-of-friends/friends-of-friends-publication-brand-ff-work-05.webp
https://cdn.prod.website-files.com/65c5074d380afa8c0d0482af/65e1c5124d4241d14ed2cafc_FF-Work_04.webp,friends-of-friends-brand-identity-web.html,assets/friends-of-friends/friends-of-friends-publication-brand-ff-work-04.webp
https://cdn.prod.website-files.com/65c5074d380afa8c0d0482af/65e1c512821468600d1a19ef_FF-Brochure_Cover-Mockup.webp,friends-of-friends-brand-identity-web.html,assets/friends-of-friends/friends-of-friends-publication-brand-ff-brochure-cover-mockup.webp
https://cdn.prod.website-files.com/65c5074d380afa8c0d0482af/65e1c5129aa3c9c26d45c46b_FF-Work_11.webp,friends-of-friends-brand-identity-web.html,assets/friends-of-friends/friends-of-friends-publication-brand-ff-work-11.webp
https://cdn.prod.website-files.com/65c5074d380afa8c0d0482af/65e1c5130810255f378b1cf9_FF-Work_12.webp,friends-of-friends-brand-identity-web.html,assets/friends-of-friends/friends-of-friends-publication-brand-ff-work-12.webp
https://cdn.prod.website-files.com/65c5074d380afa8c0d0482af/65e1c5136f609e19c8d8126d_FF-Work_13.webp,friends-of-friends-brand-identity-web.html,assets/friends-of-friends/friends-of-friends-publication-brand-ff-work-13.webp
https://cdn.prod.website-files.com/65c5074d380afa8c0d0482af/65e1c5136f6e77e6eaa8ff9e_FF-Work_06.webp,friends-of-friends-brand-identity-web.html,assets/friends-of-friends/friends-of-friends-publication-brand-ff-work-06.webp
https://cdn.prod.website-files.com/65c5074d380afa8c0d0482af/65e1c5453b91259b4ccb1f65_FF-Work_09-transcode.mp4,friends-of-friends-brand-identity-web.html,assets/friends-of-friends/friends-of-friends-publication-brand-ff-work-09-transcode.mp4
https://cdn.prod.website-files.com/65c5074d380afa8c0d0482af/65e1c616bce1af9e569355ba_FF-Work_02-transcode.mp4,friends-of-friends-brand-identity-web.html,assets/friends-of-friends/friends-of-friends-publication-brand-ff-work-02-transcode.mp4
https://cdn.prod.website-files.com/65c5074d380afa8c0d0482af/65e1c63c10ba6c77356c34f0_FF-Logo_Grid_Animation-transcode.mp4,friends-of-friends-brand-identity-web.html,assets/friends-of-friends/friends-of-friends-publication-brand-ff-logo-grid-animation-transcode.mp4
https://cdn.prod.website-files.com/65c5074d380afa8c0d0482af/65e1c67c76546ca0cd02f909_FF-Work_15-transcode.mp4,friends-of-friends-brand-identity-web.html,assets/friends-of-friends/friends-of-friends-publication-brand-ff-work-15-transcode.mp4
https://cdn.prod.website-files.com/65c5074d380afa8c0d0482af/65e1c6bf0a90de384d11496a_FF-Kinetic_Typo-16x9-transcode.mp4,friends-of-friends-brand-identity-web.html,assets/friends-of-friends/friends-of-friends-publication-brand-ff-kinetic-typo-16x9-transcode.mp4
https://cdn.prod.website-files.com/65c5074d380afa8c0d0482af/65e1c6d976cb51f5767c652d_FF-Work_10-transcode.mp4,friends-of-friends-brand-identity-web.html,assets/friends-of-friends/friends-of-friends-publication-brand-ff-work-10-transcode.mp4
https://cdn.prod.website-files.com/65c5074d380afa8c0d0482af/65e6f2df60f9ee4b1ea7984e_Bianca_Chen-IG-Story.webp,bianca-chen-brand-identity.html,assets/bianca-chen/bianca-chen-brand-identity-bianca-chen-ig-story.webp
https://cdn.prod.website-files.com/65c5074d380afa8c0d0482af/65e6f2df87dbec8f2986d515_Bianca_Poster-01.webp,bianca-chen-brand-identity.html,assets/bianca-chen/bianca-chen-brand-identity-bianca-poster-01.webp
https://cdn.prod.website-files.com/65c5074d380afa8c0d0482af/65e6f2e0d1796a72bf8b985e_Bianca_Chen-IG-Post.webp,bianca-chen-brand-identity.html,assets/bianca-chen/bianca-chen-brand-identity-bianca-chen-ig-post.webp
https://cdn.prod.website-files.com/65c5074d380afa8c0d0482af/65e9fe0e9ff608858220bfa7_FF-images.webp,friends-of-friends-brand-identity-web.html,assets/friends-of-friends/friends-of-friends-publication-brand-ff-images.webp
https://cdn.prod.website-files.com/65c5074d380afa8c0d0482af/6638e88dc66a1970a771a26c_BC-A4-Poster_Mockup.webp,bianca-chen-brand-identity.html,assets/bianca-chen/bianca-chen-brand-identity-bc-a4-poster-mockup.webp
https://cdn.prod.website-files.com/65c5074d380afa8c0d0482af/6638ee86acfb06657caf0f0b_bianca-MAIN_LOGO-all_colors.gif,bianca-chen-brand-identity.html,assets/bianca-chen/bianca-chen-brand-identity-bianca-main-logo-all-colors.gif
https://cdn.prod.website-files.com/65c5074d380afa8c0d0482af/6638eeb035b5229f14257965_Bianca_Chen-Full,bianca-chen-brand-identity.html,assets/bianca-chen/bianca-chen-brand-identity-bianca-chen-full.mp4
https://cdn.prod.website-files.com/65c5074d380afa8c0d0482af/6638f02917cb39e6edbd82e6_BC-Card_Mockup.webp,bianca-chen-brand-identity.html,assets/bianca-chen/bianca-chen-brand-identity-bc-card-mockup.webp
https://cdn.prod.website-files.com/65c5074d380afa8c0d0482af/6638f029b5a2edbf99315bb1_BC-Tote_Bag-Mockup.webp,bianca-chen-brand-identity.html,assets/bianca-chen/bianca-chen-brand-identity-bc-tote-bag-mockup.webp
https://cdn.prod.website-files.com/65c5074d380afa8c0d0482af/6638f02a77854d41b4e9649f_BC-Desktop_Mac-mockup.webp,bianca-chen-brand-identity.html,assets/bianca-chen/bianca-chen-brand-identity-bc-desktop-mac-mockup.webp
https://cdn.prod.website-files.com/65c5074d380afa8c0d0482af/6638f02b77854d41b4e9649f_BC-Curated_by-visual_black.webp,bianca-chen-brand-identity.html,assets/bianca-chen/bianca-chen-brand-identity-bc-curated-by-visual-black.webp
https://cdn.prod.website-files.com/65c5074d380afa8c0d0482af/6638f02bb1fb80b6192e1048_Shapes-GIF_printed.gif,bianca-chen-brand-identity.html,assets/bianca-chen/bianca-chen-brand-identity-shapes-gif-printed.gif
https://cdn.prod.website-files.com/65c5074d380afa8c0d0482af/6638fad1b95cf1175bd23de7_BC-Poster_Calendar.webp,bianca-chen-brand-identity.html,assets/bianca-chen/bianca-chen-brand-identity-bc-poster-calendar.webp
https://cdn.prod.website-files.com/65c5074d380afa8c0d0482af/663903a07460087f4ff08254_Bianca_Chen-Home_Scroll-Updated-transcode.mp4,bianca-chen-brand-identity.html,assets/bianca-chen/bianca-chen-brand-identity-bianca-chen-home-scroll-updated-transcod.mp4
https://cdn.prod.website-files.com/65c5074d380afa8c0d0482af/6639ef4a464c0810b8a5effb_BC-Project-page.webp,bianca-chen-brand-identity.html,assets/bianca-chen/bianca-chen-brand-identity-bc-project-page.webp
https://cdn.prod.website-files.com/65c5074d380afa8c0d0482af/6639ef8dd689aa172e0d987a_BC-Menu_focus-Mobile-v2.webp,bianca-chen-brand-identity.html,assets/bianca-chen/bianca-chen-brand-identity-bc-menu-focus-mobile-v2.webp
https://cdn.prod.website-files.com/65c5074d380afa8c0d0482af/6639f344d9da35f34644c9da_BC-mulitple_posters-portrait.webp,bianca-chen-brand-identity.html,assets/bianca-chen/bianca-chen-brand-identity-bc-mulitple-posters-portrait.webp
https://cdn.prod.website-files.com/65c5074d380afa8c0d0482af/663a588a14783340918b7d0a_Bianca_Chen-Colors.jpg,bianca-chen-brand-identity.html,assets/bianca-chen/bianca-chen-brand-identity-bianca-chen-colors.jpg
https://cdn.prod.website-files.com/65c5074d380afa8c0d0482af/663a58a3993746fa81b55549_Bianca_Chen-Typefaces.jpg,bianca-chen-brand-identity.html,assets/bianca-chen/bianca-chen-brand-identity-bianca-chen-typefaces.jpg
https://cdn.prod.website-files.com/65c5074d380afa8c0d0482af/663a5b16b571d6f9c33a5f54_Bianca_Chen-Poster_Construction-Animation,bianca-chen-brand-identity.html,assets/bianca-chen/bianca-chen-brand-identity-bianca-chen-poster-construction-animatio.mp4
https://cdn.prod.website-files.com/66e30c0fc33687ad22c38f24/66e30f9b5a6d4fad335d3800_SIGNAL-2023-Logo_White.svg,index.html,assets/home/home-index-signal-2023-logo-white.svg
https://cdn.shopify.com/s/files/1/0549/9813/9112/files/JH_MGB_IV_6326_1024x1024.jpg,ruinart-jeppe-hein-carte-blanche.html,assets/ruinart/ruinart-brand-content-jh-mgb-iv-6326-1024x1024.jpg
https://cdn.shopify.com/s/files/1/0549/9813/9112/files/JH_RMSB__01_0739_1024x1024.jpg,ruinart-jeppe-hein-carte-blanche.html,assets/ruinart/ruinart-brand-content-jh-rmsb-01-0739-1024x1024.jpg
https://cdn.shopify.com/s/files/1/0549/9813/9112/files/Jeppe_Hein_YOU_ARE_MAGIC_FOR_ME_2022_4_1024x1024.jpg,ruinart-jeppe-hein-carte-blanche.html,assets/ruinart/ruinart-brand-content-jeppe-hein-you-are-magic-for-me-2022-4-1.jpg
https://cdn.shopify.com/s/files/1/0549/9813/9112/files/Jeppe_Hein_YOU_CHANGE_TO_CHANGE_2022_2_1024x1024.jpg,ruinart-jeppe-hein-carte-blanche.html,assets/ruinart/ruinart-brand-content-jeppe-hein-you-change-to-change-2022-2-1.jpg
https://framerusercontent.com/images/79502LO2JriPOUMdHpKj1PaA34.jpeg?width=900,concierge-coffee-brand-web.html,assets/concierge-coffee/concierge-coffee-brand-web-79502lo2jripoumdhpkj1paa34.jpeg
https://framerusercontent.com/images/HFFSXJqyHB2jl9dRP7PFIeC9w.jpeg?width=1200,concierge-coffee-brand-web.html,assets/concierge-coffee/concierge-coffee-brand-web-hffsxjqyhb2jl9drp7pfiec9w.jpeg
https://framerusercontent.com/images/JZyqpVI0XkdqEgEFphMufmZF3k.jpeg?width=1200,concierge-coffee-brand-web.html,assets/concierge-coffee/concierge-coffee-brand-web-jzyqpvi0xkdqegefphmufmzf3k.jpeg
https://framerusercontent.com/images/JndbxQ0fFLuBP1M3MdVnhuCFEQ.jpeg?width=1200,concierge-coffee-brand-web.html,assets/concierge-coffee/concierge-coffee-brand-web-jndbxq0fflubp1m3mdvnhucfeq.jpeg
https://framerusercontent.com/images/Uyy6CTfOxsVUReHs4bTJZzWV7AI.jpeg?width=2400,concierge-coffee-brand-web.html,assets/concierge-coffee/concierge-coffee-brand-web-uyy6ctfoxsvurehs4btjzzwv7ai.jpeg
https://framerusercontent.com/images/eDOD75mU6aJ3Pj5C1V1HgecDs.jpeg?width=900,concierge-coffee-brand-web.html,assets/concierge-coffee/concierge-coffee-brand-web-edod75mu6aj3pj5c1v1hgecds.jpeg
https://framerusercontent.com/images/ijheHusZVJ3Qxzo5aV8RwPmdIs.jpeg?width=1200,concierge-coffee-brand-web.html,assets/concierge-coffee/concierge-coffee-brand-web-ijhehuszvj3qxzo5av8rwpmdis.jpeg
https://framerusercontent.com/images/uAmYKdgFwe0Jqf0ES3Lc7hL9bI.jpeg?width=1200,concierge-coffee-brand-web.html,assets/concierge-coffee/concierge-coffee-brand-web-uamykdgfwe0jqf0es3lc7hl9bi.jpeg
https://framerusercontent.com/images/xIblc0x2gusTCI8TiIRobgvsJRY.jpeg?width=900,concierge-coffee-brand-web.html,assets/concierge-coffee/concierge-coffee-brand-web-xiblc0x2gustci8tiirobgvsjry.jpeg
https://framerusercontent.com/images/yaR0OiePMk0SGlJWd8nwFizr9OQ.jpeg?width=1200,concierge-coffee-brand-web.html,assets/concierge-coffee/concierge-coffee-brand-web-yar0oiepmk0sgljwd8nwfizr9oq.jpeg
https://images.squarespace-cdn.com/content/v1/5b878d03b40b9dd757ddd599/1535614905062-UEDQ4GIAJI135KNLU00W/ConciergeCoffee_logo2.png?format=2500w,index.html,assets/home/home-index-conciergecoffee-logo2.png
https://images.squarespace-cdn.com/content/v1/5e73638a270c4837477e1fdd/1585466832678-DSF8NJHACGY7W6ARBQRX/Freunde-von-Freunden-TSN-Berlin-2019-1388.jpg,mini-the-sooner-now-brand-campaign.html,assets/mini/mini-brand-campaign-freunde-von-freunden-tsn-berlin-2019-138.jpg
https://images.squarespace-cdn.com/content/v1/5e73638a270c4837477e1fdd/1585466887882-8C98JOMKYFCTPQ9GHSB8/Freunde-von-Freunden-TSN-Berlin-2019-1346.jpg,mini-the-sooner-now-brand-campaign.html,assets/mini/mini-brand-campaign-freunde-von-freunden-tsn-berlin-2019-134.jpg
https://images.squarespace-cdn.com/content/v1/5e73638a270c4837477e1fdd/1585466965903-EO3Z2P6BHSZUS0S8ST3N/Freunde-von-Freunden-TSN-Berlin-2019-2277.jpg,mini-the-sooner-now-brand-campaign.html,assets/mini/mini-brand-campaign-freunde-von-freunden-tsn-berlin-2019-227.jpg
https://images.squarespace-cdn.com/content/v1/5e73638a270c4837477e1fdd/1585467016050-Y0LQ0D4MOODDCZCV2V3Z/Freunde-von-Freunden-TSN-Berlin-2019-2409.jpg,mini-the-sooner-now-brand-campaign.html,assets/mini/mini-brand-campaign-freunde-von-freunden-tsn-berlin-2019-240.jpg
https://images.squarespace-cdn.com/content/v1/5e73638a270c4837477e1fdd/1585467133440-ZJ1WYMMOV25QUA9OP314/Freunde-von-Freunden-The-Sooner-Now-2451_2.jpg,mini-the-sooner-now-brand-campaign.html,assets/mini/mini-brand-campaign-freunde-von-freunden-the-sooner-now-2451.jpg
https://images.squarespace-cdn.com/content/v1/5e73638a270c4837477e1fdd/1608479838742-I25VD6DQFWVIH70BYDPR/Freunde-von-Freunden-The-Sooner-Now-2439.jpg,mini-the-sooner-now-brand-campaign.html,assets/mini/mini-brand-campaign-freunde-von-freunden-the-sooner-now-2439.jpg
https://images.squarespace-cdn.com/content/v1/5e73638a270c4837477e1fdd/1622886392569-RIRV0JJTOWOIO29OM7TU/TSN-Case_Study+dark.004.jpeg,mini-the-sooner-now-brand-campaign.html,assets/mini/mini-brand-campaign-tsn-case-study-dark-004.jpeg
https://images.squarespace-cdn.com/content/v1/5e73638a270c4837477e1fdd/1622886439981-EGIB81OLS2AETX51174S/TSN-Case_Study+dark.005.jpeg,mini-the-sooner-now-brand-campaign.html,assets/mini/mini-brand-campaign-tsn-case-study-dark-005.jpeg
https://images.squarespace-cdn.com/content/v1/5e73638a270c4837477e1fdd/a38218fd-be6c-4f32-bfea-23dd19158071/TSN-Case_Study.007%2Bcopy.webp,mini-the-sooner-now-brand-campaign.html,assets/mini/mini-brand-campaign-tsn-case-study-007-2bcopy.webp
https://images.squarespace-cdn.com/content/v1/647061563f2c3d7aae55597d/348e36ab-567d-4322-81f0-656a2c76975d/white-sonos-with-mono-notebook-pink_910x1100.jpeg,sonos-listening-better-brand-activation.html,assets/sonos/sonos-brand-activation-white-sonos-with-mono-notebook-pink-910x.jpeg
https://images.squarespace-cdn.com/content/v1/647061563f2c3d7aae55597d/fe00258f-e6bd-4b7a-a21c-77f8a0f28272/Freunde-von-Freunden-Anna-Eisenhauer-5880.jpeg,sonos-listening-better-brand-activation.html,assets/sonos/sonos-brand-activation-freunde-von-freunden-anna-eisenhauer-588.jpeg
https://static.vitra.com/media/asset/1685925/storage/v_fullbleed_1440x/21005339.jpg,vitra-brand-strategy.html,assets/vitra/vitra-brand-strategy-21005339.jpg
https://static.vitra.com/media/asset/2492031/storage/v_fullbleed_1440x/36836346.jpg,vitra-brand-strategy.html,assets/vitra/vitra-brand-strategy-36836346.jpg
https://static.vitra.com/media/asset/732547/storage/v_fullbleed_1440x/09055959.jpg,vitra-brand-strategy.html,assets/vitra/vitra-brand-strategy-09055959.jpg
https://static.vitra.com/media/asset/979518/storage/v_fullbleed_1440x/15702284.jpg,vitra-brand-strategy.html,assets/vitra/vitra-brand-strategy-15702284.jpg
https://www.freundevonfreunden.com/app/uploads/20-10-26-TSN-Summary_Video-2018-MASTER-Cutdown.mp4,mini-the-sooner-now-brand-campaign.html,assets/mini/mini-brand-campaign-20-10-26-tsn-summary-video-2018-master-c.mp4
https://www.freundevonfreunden.com/app/uploads/20180115-Siemens-Culinary_Encounters-Christina_Gronning-CD-compressed.mov,siemens-culinary-encounters.html,assets/siemens/siemens-culinary-encounters-20180115-siemens-culinary-encounters-chr.mov
https://www.freundevonfreunden.com/app/uploads/20180115-Siemens-Culinary_Encounters-Marente_van_der_Valk-CD-compressed.mp4,siemens-culinary-encounters.html,assets/siemens/siemens-culinary-encounters-20180115-siemens-culinary-encounters-mar.mp4
https://www.freundevonfreunden.com/app/uploads/20180116-Siemens-Culinary_Encounters-Linda_Granebring-CD-compressed.mov,siemens-culinary-encounters.html,assets/siemens/siemens-culinary-encounters-20180116-siemens-culinary-encounters-lin.mov
https://www.freundevonfreunden.com/app/uploads/20190214-USM-Jouney-Of-A-Product-SM-01-16x9-MASTER.mp4,usm-modular-furniture-brand-digital.html,assets/usm/usm-modular-furniture-20190214-usm-jouney-of-a-product-sm-01-1.mp4
https://www.freundevonfreunden.com/app/uploads/20190503-ClassPass-Berlin-CD-20SEC-16x9-MASTER-EN-compressed-1.mp4,classpass-bethebalance-campaign.html,assets/classpass/classpass-bethebalance-campaign-20190503-classpass-berlin-cd-20sec-16x9.mp4
https://www.freundevonfreunden.com/app/uploads/20190506-ClassPass-Munich-CD-20SEC-16x9-MASTER-EN-compressed.mov,classpass-bethebalance-campaign.html,assets/classpass/classpass-bethebalance-campaign-20190506-classpass-munich-cd-20sec-16x9.mov
https://www.freundevonfreunden.com/app/uploads/20190523-ClassPass-Paris-CD-20SEC-16x9-MASTER-EN-compressed.mov,classpass-bethebalance-campaign.html,assets/classpass/classpass-bethebalance-campaign-20190523-classpass-paris-cd-20sec-16x9-m.mov
https://www.freundevonfreunden.com/app/uploads/2020/11/20190211-USM-Jouney_Of_A_Product-SM-02-16x9-MASTER.mov,usm-modular-furniture-brand-digital.html,assets/usm/usm-modular-furniture-20190211-usm-jouney-of-a-product-sm-02-1.mov
https://www.freundevonfreunden.com/app/uploads/2020/11/20190211-USM-Jouney_Of_A_Product-SM-03-16x9-MASTER.mov,usm-modular-furniture-brand-digital.html,assets/usm/usm-modular-furniture-20190211-usm-jouney-of-a-product-sm-03-1.mov
https://www.freundevonfreunden.com/app/uploads/Freunde-von-Freunden-AceTate-Heimatbound-3603-1-1800x1200.jpg,ace-tate-heimatbound-campaign.html,assets/ace-tate/ace-tate-heimatbound-campaign-freunde-von-freunden-acetate-heimatbound.jpg
https://www.freundevonfreunden.com/app/uploads/Freunde-von-Freunden-Aron-Filkey-0006-2-1800x1200.jpg,closed-editorial-portrait-series.html,assets/closed/closed-editorial-portraits-freunde-von-freunden-aron-filkey-0006-2.jpg
https://www.freundevonfreunden.com/app/uploads/d-hauschka-live-streaming-event/21-03-29-FF_Works-Dr_Hauschka-Live-B.mp4,dr-hauschka-brand-campaigns.html,assets/dr-hauschka/dr-hauschka-brand-campaigns-21-03-29-ff-works-dr-hauschka-live-b.mp4
https://www.freundevonfreunden.com/app/uploads/dr-hauschka-berlin-doerte-de-jesus/210803_FF_Dr-Hauschka-D%C3%B6rte_loop.mp4,dr-hauschka-brand-campaigns.html,assets/dr-hauschka/dr-hauschka-brand-campaigns-210803-ff-dr-hauschka-d-c3-b6rte-loop.mp4
https://www.freundevonfreunden.com/app/uploads/dr-hauschka-munich-julia-leeb/210804_Dr_hauschka_Julia_loop_2-1.mp4,dr-hauschka-brand-campaigns.html,assets/dr-hauschka/dr-hauschka-brand-campaigns-210804-dr-hauschka-julia-loop-2-1.mp4
https://www.freundevonfreunden.com/app/uploads/dr-hauschka/ff-drhauschka-case-2021-summer-line.mp4,dr-hauschka-brand-campaigns.html,assets/dr-hauschka/dr-hauschka-brand-campaigns-ff-drhauschka-case-2021-summer-line.mp4
https://www.freundevonfreunden.com/app/uploads/dr-hauschka/ff-drhauschka-case-let-nature-in.mp4,dr-hauschka-brand-campaigns.html,assets/dr-hauschka/dr-hauschka-brand-campaigns-ff-drhauschka-case-let-nature-in.mp4
https://www.freundevonfreunden.com/app/uploads/louis-vuitton-a-global-employer-branding-campaign-and-extended-work-culture-documentary/Friends-of-Friends-LV-Asniers-0241.jpg,louis-vuitton-employer-branding-campaign.html,assets/louis-vuitton/louis-vuitton-employer-branding-friends-of-friends-lv-asniers-0241.jpg
https://www.freundevonfreunden.com/app/uploads/louis-vuitton-a-global-employer-branding-campaign-and-extended-work-culture-documentary/Friends-of-Friends-LV-CommunicationMedia-1282.jpg,louis-vuitton-employer-branding-campaign.html,assets/louis-vuitton/louis-vuitton-employer-branding-friends-of-friends-lv-communicationmedia.jpg
https://www.freundevonfreunden.com/app/uploads/louis-vuitton-a-global-employer-branding-campaign-and-extended-work-culture-documentary/Image-from-iOS-4_CROP-2048x1365.jpg,louis-vuitton-employer-branding-campaign.html,assets/louis-vuitton/louis-vuitton-employer-branding-image-from-ios-4-crop-2048x1365.jpg
https://www.freundevonfreunden.com/app/uploads/louis-vuitton-a-global-employer-branding-campaign-and-extended-work-culture-documentary/LV_5-1800x1152.png,louis-vuitton-employer-branding-campaign.html,assets/louis-vuitton/louis-vuitton-employer-branding-lv-5-1800x1152.png
https://www.freundevonfreunden.com/app/uploads/louis-vuitton-a-global-employer-branding-campaign-and-extended-work-culture-documentary/v2_lv_graded_render_h264-Original_Sub_04_2.mp4,louis-vuitton-employer-branding-campaign.html,assets/louis-vuitton/louis-vuitton-employer-branding-v2-lv-graded-render-h264-original-sub-04.mp4
https://www.freundevonfreunden.com/app/uploads/louis-vuitton-a-global-employer-branding-campaign-and-extended-work-culture-documentary/v2_lv_graded_render_h264-Original_Sub_05_1.mp4,louis-vuitton-employer-branding-campaign.html,assets/louis-vuitton/louis-vuitton-employer-branding-v2-lv-graded-render-h264-original-sub-05.mp4
https://www.freundevonfreunden.com/app/uploads/ritz-carlton-berlins-golden-gala-2019/20190320-Ritz_Carlton-Gala_Night-LV-MASTER-Loop-01.mp4,ritz-carlton-berlin-brand-event.html,assets/ritz-carlton/ritz-carlton-gala-event-20190320-ritz-carlton-gala-night-lv-mast.mp4
https://www.freundevonfreunden.com/app/uploads/siemens-culinary-encounters/20180114-Siemens-Culinary_Encounters-Sophia_Rudolph-CD-copmressed.mp4,siemens-culinary-encounters.html,assets/siemens/siemens-culinary-encounters-20180114-siemens-culinary-encounters-sop.mp4
https://www.freundevonfreunden.com/app/uploads/sonos-ifa-2018/Freunde-von-Freunden-Sonos-IFA-IMG_1211-1800x1200.jpg,sonos-listening-better-brand-activation.html,assets/sonos/sonos-brand-activation-freunde-von-freunden-sonos-ifa-img-1211.jpg
https://www.freundevonfreunden.com/app/uploads/spaces/Freunde-von-Freunden-Apartment-1256-1600x1067-1.jpg,fvf-friends-space-apartment.html,assets/fvf-friends-space-apartment/fvf-friends-space-apartment-friends-space-freunde-von-freunden-apartment-1256-1600.jpg
https://www.freundevonfreunden.com/app/uploads/spaces/Oksdah2o.jpeg,fvf-friends-space-apartment.html,assets/fvf-friends-space-apartment/fvf-friends-space-apartment-friends-space-oksdah2o.jpeg
https://www.freundevonfreunden.com/app/uploads/work/FF-Showreel_Animation_2021-V3.mp4,friends-of-friends-brand-identity-web.html,assets/friends-of-friends/friends-of-friends-publication-brand-ff-showreel-animation-2021-v3.mp4
https://www.hay.com/globalassets/media/brandsite/hays-world/news/2018-milan-design-week/no-setup-milan-2018.jpg?w=1400,hay-creative-direction.html,assets/hay/hay-creative-direction-no-setup-milan-2018.jpg
https://www.moresleep.net/wp-content/uploads/2017/05/MoreSleep-MINI-4824-1-1024x683.jpg,mini-the-sooner-now-brand-campaign.html,assets/mini/mini-brand-campaign-moresleep-mini-4824-1-1024x683.jpg
https://www.moresleep.net/wp-content/uploads/2017/05/MoreSleep-MINI-4828-1024x683.jpg,mini-the-sooner-now-brand-campaign.html,assets/mini/mini-brand-campaign-moresleep-mini-4828-1024x683.jpg
https://www.moresleep.net/wp-content/uploads/2017/05/MoreSleep-MINI-4831-1024x683.jpg,mini-the-sooner-now-brand-campaign.html,assets/mini/mini-brand-campaign-moresleep-mini-4831-1024x683.jpg
https://www.moresleep.net/wp-content/uploads/2017/05/MoreSleep-MINI-4838-1024x683.jpg,mini-the-sooner-now-brand-campaign.html,assets/mini/mini-brand-campaign-moresleep-mini-4838-1024x683.jpg
https://www.moresleep.net/wp-content/uploads/2017/05/MoreSleep-MINI-4842-1024x683.jpg,mini-the-sooner-now-brand-campaign.html,assets/mini/mini-brand-campaign-moresleep-mini-4842-1024x683.jpg
https://www.moresleep.net/wp-content/uploads/2017/05/MoreSleep-MINI-4851-1024x683.jpg,mini-the-sooner-now-brand-campaign.html,assets/mini/mini-brand-campaign-moresleep-mini-4851-1024x683.jpg
https://www.moresleep.net/wp-content/uploads/2017/05/MoreSleep-MINI-4856-1-1024x683.jpg,mini-the-sooner-now-brand-campaign.html,assets/mini/mini-brand-campaign-moresleep-mini-4856-1-1024x683.jpg
https://www.moresleep.net/wp-content/uploads/2019/11/03-Colour-1024x569.jpg,mini-the-sooner-now-brand-campaign.html,assets/mini/mini-brand-campaign-03-colour-1024x569.jpg
https://www.moresleep.net/wp-content/uploads/2019/11/05-Image-1024x569.jpg,mini-the-sooner-now-brand-campaign.html,assets/mini/mini-brand-campaign-05-image-1024x569.jpg
https://www.moresleep.net/wp-content/uploads/2019/11/06-Image-1024x569.jpg,mini-the-sooner-now-brand-campaign.html,assets/mini/mini-brand-campaign-06-image-1024x569.jpg
https://www.moresleep.net/wp-content/uploads/2019/11/07-Image-1024x569.jpg,mini-the-sooner-now-brand-campaign.html,assets/mini/mini-brand-campaign-07-image-1024x569.jpg
https://www.moresleep.net/wp-content/uploads/2019/11/08-Image-1024x569.jpg,mini-the-sooner-now-brand-campaign.html,assets/mini/mini-brand-campaign-08-image-1024x569.jpg
https://www.moresleep.net/wp-content/uploads/2019/11/10-Collateral-1024x569.jpg,mini-the-sooner-now-brand-campaign.html,assets/mini/mini-brand-campaign-10-collateral-1024x569.jpg
https://www.moresleep.net/wp-content/uploads/2019/11/11-Collateral-1024x569.jpg,mini-the-sooner-now-brand-campaign.html,assets/mini/mini-brand-campaign-11-collateral-1024x569.jpg
https://www.moresleep.net/wp-content/uploads/2019/11/190628-TSN-Spotify_Podcast_Cover-1024x1024.jpeg,mini-the-sooner-now-brand-campaign.html,assets/mini/mini-brand-campaign-190628-tsn-spotify-podcast-cover-1024x10.jpeg
https://www.thonet.de/fileadmin/media/07-magazine/reference/Solo_Houses/thonet-solo-house-533px_02.jpg,thonet-brand-narrative.html,assets/thonet/thonet-brand-narrative-thonet-solo-house-533px-02.jpg
https://yourhome.moresleep.net,facebook-privacy-interactive.html,assets/facebook-privacy/facebook-privacy-brand-yourhome-moresleep.net
https://www.moresleep.net/wp-content/uploads/2020/04/moresleep-bruto-branding-restaurant-1024x569.jpg,bruto-restaurant-branding.html,assets/bruto/bruto-branding-moresleep-bruto-branding-restaurant-1024x569.jpg
https://www.moresleep.net/wp-content/uploads/2020/04/moresleep-bruto-logo.mp4,bruto-restaurant-branding.html,assets/bruto/bruto-branding-moresleep-bruto-logo.mp4
https://www.moresleep.net/wp-content/uploads/2020/04/moresleep-bruto-furniture-1024x569.jpg,bruto-restaurant-branding.html,assets/bruto/bruto-branding-moresleep-bruto-furniture-1024x569.jpg
https://www.moresleep.net/wp-content/uploads/2020/04/moresleep-bruto-signage-1024x569.jpg,bruto-restaurant-branding.html,assets/bruto/bruto-branding-moresleep-bruto-signage-1024x569.jpg
https://www.moresleep.net/wp-content/uploads/2020/04/moresleep-bruto-menu-1024x569.jpg,bruto-restaurant-branding.html,assets/bruto/bruto-branding-moresleep-bruto-menu-1024x569.jpg
https://www.moresleep.net/wp-content/uploads/2020/04/moresleep-bruto-mobileIGsocial-1024x569.jpg,bruto-restaurant-branding.html,assets/bruto/bruto-branding-moresleep-bruto-mobileigsocial-1024x569.jpg
https://www.moresleep.net/wp-content/uploads/2020/04/roadbike-people-1024x680.jpg,internetstores-brand-digital.html,assets/internetstores/internetstores-brand-digital-roadbike-people-1024x680.jpg
https://www.moresleep.net/wp-content/uploads/2020/04/MoreSleep-Internet-Stores-Logo-03-1024x569.jpg,internetstores-brand-digital.html,assets/internetstores/internetstores-brand-digital-moresleep-internet-stores-logo-03-1024x569.jpg
https://www.moresleep.net/wp-content/uploads/2020/04/200324-MS-Internet_Stores-Case_Studies-typeface-1-1024x569.png,internetstores-brand-digital.html,assets/internetstores/internetstores-brand-digital-200324-ms-internet-stores-case-studies-typeface-1-1024x569.png
https://www.moresleep.net/wp-content/uploads/2020/04/20-04-14-MoreSleep-Internet_Stores-Macbook_Air_2018_Mockup-FHD-H264-LowRes.mp4,internetstores-brand-digital.html,assets/internetstores/internetstores-brand-digital-20-04-14-moresleep-internet-stores-macbook-air-2018-mockup-fhd-h264-lowres.mp4
https://www.moresleep.net/wp-content/uploads/2020/04/MoreSleep-Internet-Stores-Web-page-08-1024x569.jpg,internetstores-brand-digital.html,assets/internetstores/internetstores-brand-digital-moresleep-internet-stores-web-page-08-1024x569.jpg
https://www.moresleep.net/wp-content/uploads/2020/04/MoreSleep-Internet-Stores-People-on-adventure-07-1024x569.jpg,internetstores-brand-digital.html,assets/internetstores/internetstores-brand-digital-moresleep-internet-stores-people-on-adventure-07-1024x569.jpg
https://www.moresleep.net/wp-content/uploads/2018/01/download-1024x788.png,mezcla-brand-digital.html,assets/mezcla/mezcla-brand-digital-download-1024x788.png
https://www.moresleep.net/wp-content/uploads/2017/07/MS_Website-mezcla_1-1024x513.jpg,mezcla-brand-digital.html,assets/mezcla/mezcla-brand-digital-ms-website-mezcla-1-1024x513.jpg
https://www.moresleep.net/wp-content/uploads/2017/07/170707-mezcla_video_MSWebsite.mov,mezcla-brand-digital.html,assets/mezcla/mezcla-brand-digital-170707-mezcla-video-mswebsite.mov
https://www.moresleep.net/wp-content/uploads/2017/07/MS_Website-mezcla_2-1024x513.jpg,mezcla-brand-digital.html,assets/mezcla/mezcla-brand-digital-ms-website-mezcla-2-1024x513.jpg
https://www.moresleep.net/wp-content/uploads/2019/05/190524-ORNO-00_Header_02-1024x569.jpg,orno-pizza-branding.html,assets/orno/orno-branding-190524-orno-00-header-02-1024x569.jpg
https://www.moresleep.net/wp-content/uploads/2019/05/190524-ORNO-04_Logo_Animation.mp4,orno-pizza-branding.html,assets/orno/orno-branding-190524-orno-04-logo-animation.mp4
https://www.moresleep.net/wp-content/uploads/2019/05/190524-ORNO-02_Type_01-1-1024x569.jpg,orno-pizza-branding.html,assets/orno/orno-branding-190524-orno-02-type-01-1-1024x569.jpg
https://www.moresleep.net/wp-content/uploads/2019/05/190524-ORNO-05_Stickers-1-1024x569.jpg,orno-pizza-branding.html,assets/orno/orno-branding-190524-orno-05-stickers-1-1024x569.jpg
https://www.moresleep.net/wp-content/uploads/2019/05/190524-ORNO-07_Flyers-1024x569.jpg,orno-pizza-branding.html,assets/orno/orno-branding-190524-orno-07-flyers-1024x569.jpg
https://www.moresleep.net/wp-content/uploads/2019/05/ORNO-PIzza-Box-Mockup-1024x677.jpg,orno-pizza-branding.html,assets/orno/orno-branding-orno-pizza-box-mockup-1024x677.jpg
https://www.moresleep.net/wp-content/uploads/2019/05/ORNO-2022-Website-1024x683.jpg,orno-pizza-branding.html,assets/orno/orno-branding-orno-2022-website-1024x683.jpg
https://www.moresleep.net/wp-content/uploads/2019/08/3-683x1024.jpg,puro-hotels-brand-identity.html,assets/puro-hotels/puro-hotels-brand-identity-3-683x1024.jpg
https://www.moresleep.net/wp-content/uploads/2019/06/190606_Puro-Hotels_Magari_01_Logo-1024x569.jpg,puro-hotels-brand-identity.html,assets/puro-hotels/puro-hotels-brand-identity-190606-puro-hotels-magari-01-logo-1024x569.jpg
https://www.moresleep.net/wp-content/uploads/2019/06/190606_Puro-Hotels_Magari_02_Image_op2-1-1024x569.jpg,puro-hotels-brand-identity.html,assets/puro-hotels/puro-hotels-brand-identity-190606-puro-hotels-magari-02-image-op2-1-1024x569.jpg
https://www.moresleep.net/wp-content/uploads/2019/06/190606_Puro-Hotels_Magari_06_Menu-covers-1024x569.jpg,puro-hotels-brand-identity.html,assets/puro-hotels/puro-hotels-brand-identity-190606-puro-hotels-magari-06-menu-covers-1024x569.jpg
https://www.moresleep.net/wp-content/uploads/2019/06/190606_Puro-Hotels_Loreta_01_Logo-op1-1024x569.jpg,puro-hotels-brand-identity.html,assets/puro-hotels/puro-hotels-brand-identity-190606-puro-hotels-loreta-01-logo-op1-1024x569.jpg
https://www.moresleep.net/wp-content/uploads/2019/06/190606_Puro-Hotels_Loreta_02_Image-1-1024x569.jpg,puro-hotels-brand-identity.html,assets/puro-hotels/puro-hotels-brand-identity-190606-puro-hotels-loreta-02-image-1-1024x569.jpg
https://www.moresleep.net/wp-content/uploads/2019/06/190606_Puro-Hotels_Loreta_09_Image-drinks-1-1024x569.jpg,puro-hotels-brand-identity.html,assets/puro-hotels/puro-hotels-brand-identity-190606-puro-hotels-loreta-09-image-drinks-1-1024x569.jpg
https://www.moresleep.net/wp-content/uploads/2017/06/IMG_1708-683x1024.jpg,selfnation-campaign.html,assets/selfnation/selfnation-campaign-img-1708-683x1024.jpg
https://www.moresleep.net/wp-content/uploads/2017/06/Selfnation-Branner-1.gif,selfnation-campaign.html,assets/selfnation/selfnation-campaign-selfnation-branner-1.gif
https://www.moresleep.net/wp-content/uploads/2017/06/MSWebsite_Selfnation_Banners-1024x832.png,selfnation-campaign.html,assets/selfnation/selfnation-campaign-mswebsite-selfnation-banners-1024x832.png
https://www.moresleep.net/wp-content/uploads/2019/10/SWAYED-MOBILE-LANDING_PAGE4-1024x569.jpg,swayed-ai-branding.html,assets/swayed/swayed-branding-swayed-mobile-landing-page4-1024x569.jpg
https://www.moresleep.net/wp-content/uploads/2019/10/191003-Swayed-Logo-1024x569.jpg,swayed-ai-branding.html,assets/swayed/swayed-branding-191003-swayed-logo-1024x569.jpg
https://www.moresleep.net/wp-content/uploads/2019/10/191008-Swayed-business_cards-1024x569.jpg,swayed-ai-branding.html,assets/swayed/swayed-branding-191008-swayed-business-cards-1024x569.jpg
https://www.moresleep.net/wp-content/uploads/2019/10/191008-Swayed-MS_Website-2_images-1024x569.jpg,swayed-ai-branding.html,assets/swayed/swayed-branding-191008-swayed-ms-website-2-images-1024x569.jpg
https://www.moresleep.net/wp-content/uploads/2019/10/Freunde-von-Freunden-Johannes-Weber-5608-1-683x1024.jpg,weiler-brand-identity.html,assets/weiler/weiler-brand-identity-freunde-von-freunden-johannes-weber-5608-1-683x1024.jpg
https://www.moresleep.net/wp-content/uploads/2019/10/Freunde-von-Freunden-Johannes-Weber-5712-1024x683.jpg,weiler-brand-identity.html,assets/weiler/weiler-brand-identity-freunde-von-freunden-johannes-weber-5712-1024x683.jpg
https://www.moresleep.net/wp-content/uploads/2019/10/191023-MS-Weiler343-1024x569.jpg,weiler-brand-identity.html,assets/weiler/weiler-brand-identity-191023-ms-weiler343-1024x569.jpg
https://www.moresleep.net/wp-content/uploads/2019/10/Weiler-IMG_1067_lowres-1024x683.jpg,weiler-brand-identity.html,assets/weiler/weiler-brand-identity-weiler-img-1067-lowres-1024x683.jpg
https://www.moresleep.net/wp-content/uploads/2019/10/Weiler-IMG_1138-2_Highres-1024x683.jpg,weiler-brand-identity.html,assets/weiler/weiler-brand-identity-weiler-img-1138-2-highres-1024x683.jpg
https://www.moresleep.net/wp-content/uploads/2019/10/moresleep-weiler-website-mockup_01-2-1024x569.jpg,weiler-brand-identity.html,assets/weiler/weiler-brand-identity-moresleep-weiler-website-mockup-01-2-1024x569.jpg
https://www.moresleep.net/wp-content/uploads/2020/11/uZjiiXJG-1024x682.png,ziegert-real-estate-event.html,assets/ziegert/ziegert-real-estate-event-uzjiixjg-1024x682.png
https://www.moresleep.net/wp-content/uploads/2020/11/tO8Oro30.jpeg,ziegert-real-estate-event.html,assets/ziegert/ziegert-real-estate-event-to8oro30.jpeg
https://www.moresleep.net/wp-content/uploads/2020/11/Iqfhc2qs.jpeg,ziegert-real-estate-event.html,assets/ziegert/ziegert-real-estate-event-iqfhc2qs.jpeg
https://www.moresleep.net/wp-content/uploads/2020/11/201110-MS_Creds-Satelite.m4v,ziegert-real-estate-event.html,assets/ziegert/ziegert-real-estate-event-201110-ms-creds-satelite.m4v
https://www.moresleep.net/wp-content/uploads/2020/11/OZbC6HyM-1024x696.png,ziegert-real-estate-event.html,assets/ziegert/ziegert-real-estate-event-ozbc6hym-1024x696.png
https://www.moresleep.net/wp-content/uploads/2020/11/hvlhT23T-1024x762.png,ziegert-real-estate-event.html,assets/ziegert/ziegert-real-estate-event-hvlht23t-1024x762.png
https://www.freundevonfreunden.com/app/uploads/setting-a-new-stage-in-berlin-with-actor-turned-entrepreneur-gizem-emre/20190509-ClassPass-Berlin-Editorial_Loop-Header-no-sound.mp4,classpass-bethebalance-campaign.html,assets/classpass/classpass-bethebalance-campaign-editorial-gizem-emre-berlin-loop-header.mp4
https://www.freundevonfreunden.com/app/uploads/transforming-literary-gems-into-intricate-trinkets-with-jewelry-designer-louise-damas/20190524-ClassPass-Paris-Editorial_Loops-Header.mp4,classpass-bethebalance-campaign.html,assets/classpass/classpass-bethebalance-campaign-editorial-louise-damas-paris-loop-header.mp4
https://www.freundevonfreunden.com/app/uploads/keeping-pace-with-munich-based-triathlete-doctor-and-author-marie-luise-klietz/20190605_ClassPass_Header-Loop.mp4,classpass-bethebalance-campaign.html,assets/classpass/classpass-bethebalance-campaign-editorial-marie-luise-klietz-munich-loop-header.mp4
https://kress-cloud.com/news_detail_slider/uploads/news/TheIconist_screenshots_1.jpg,iconist-ipad-app.html,assets/iconist/iconist-ipad-app-screenshot-1.jpg
https://kress-cloud.com/news_detail_slider/uploads/news/TheIconist_screenshots_4.jpg,iconist-ipad-app.html,assets/iconist/iconist-ipad-app-screenshot-4.jpg
https://kress-cloud.com/news_detail_slider/uploads/news/TheIconist_screenshots_5.jpg,iconist-ipad-app.html,assets/iconist/iconist-ipad-app-screenshot-5.jpg
https://kress-cloud.com/news_detail_slider/uploads/news/TheIconist_screenshots_8.jpg,iconist-ipad-app.html,assets/iconist/iconist-ipad-app-screenshot-8.jpg
